# fern skipgram (key, key, key; outer pair) counts
# keys: abcdefghijklmnopqrstuvwxyz,.';, case-folded
# source: mr.txt
# lines: 18053
# total: 1020952
a	a	2528
a	b	547
a	c	1863
a	d	15727
a	e	17879
a	f	336
a	g	1804
a	h	2228
a	i	6465
a	j	24
a	k	2796
a	l	7069
a	m	851
a	n	3502
a	o	3642
a	p	1454
a	q	51
a	r	1638
a	s	5927
a	t	8460
a	u	875
a	v	278
a	w	565
a	x	34
a	y	2774
a	z	26
a	,	1951
a	.	2068
a	'	1418
a	;	49
b	a	1298
b	b	295
b	c	1922
b	d	995
b	e	3206
b	f	425
b	g	601
b	h	199
b	i	1497
b	j	3
b	k	30
b	l	1277
b	m	68
b	n	601
b	o	1003
b	p	7
b	q	1
b	r	1616
b	s	776
b	t	4356
b	u	1378
b	v	86
b	w	84
b	x	64
b	y	664
b	z	17
b	,	169
b	.	217
b	'	5
b	;	7
c	a	2320
c	b	132
c	c	90
c	d	551
c	e	3250
c	f	133
c	g	96
c	h	22
c	i	2562
c	j	1
c	k	31
c	l	2287
c	m	2855
c	n	5250
c	o	1909
c	p	797
c	q	0
c	r	1938
c	s	1902
c	t	923
c	u	3432
c	v	267
c	w	81
c	x	6
c	y	221
c	z	11
c	,	966
c	.	1035
c	'	31
c	;	47
d	a	1419
d	b	102
d	c	903
d	d	1362
d	e	3010
d	f	645
d	g	212
d	h	65
d	i	883
d	j	3
d	k	25
d	l	545
d	m	673
d	n	3566
d	o	599
d	p	213
d	q	13
d	r	2550
d	s	1881
d	t	508
d	u	293
d	v	366
d	w	893
d	x	19
d	y	1488
d	z	45
d	,	580
d	.	762
d	'	607
d	;	30
e	a	3267
e	b	654
e	c	2562
e	d	4332
e	e	15407
e	f	1516
e	g	921
e	h	1752
e	i	5413
e	j	81
e	k	873
e	l	4753
e	m	1321
e	n	3887
e	o	3178
e	p	3522
e	q	15
e	r	5464
e	s	9687
e	t	12264
e	u	1415
e	v	1308
e	w	360
e	x	2
e	y	3010
e	z	89
e	,	4130
e	.	4577
e	'	884
e	;	180
f	a	839
f	b	42
f	c	1423
f	d	132
f	e	3029
f	f	69
f	g	294
f	h	17
f	i	1187
f	j	2
f	k	24
f	l	1759
f	m	205
f	n	1441
f	o	2062
f	p	5
f	q	0
f	r	6742
f	s	543
f	t	651
f	u	593
f	v	170
f	w	198
f	x	79
f	y	168
f	z	14
f	,	279
f	.	356
f	'	22
f	;	6
g	a	1013
g	b	62
g	c	198
g	d	571
g	e	1941
g	f	60
g	g	31
g	h	114
g	i	1693
g	j	0
g	k	2
g	l	477
g	m	265
g	n	2033
g	o	1563
g	p	23
g	q	0
g	r	1178
g	s	553
g	t	5680
g	u	53
g	v	725
g	w	21
g	x	1
g	y	342
g	z	65
g	,	560
g	.	683
g	'	12
g	;	19
h	a	1576
h	b	126
h	c	940
h	d	1890
h	e	905
h	f	69
h	g	337
h	h	38
h	i	1404
h	j	3
h	k	90
h	l	2248
h	m	3180
h	n	10196
h	o	1252
h	p	1451
h	q	1
h	r	8221
h	s	6630
h	t	9650
h	u	2143
h	v	2595
h	w	1348
h	x	6
h	y	2490
h	z	14
h	,	474
h	.	491
h	'	506
h	;	11
i	a	2943
i	b	173
i	c	1154
i	d	3480
i	e	15687
i	f	875
i	g	14553
i	h	7592
i	i	4093
i	j	59
i	k	1888
i	l	5089
i	m	1826
i	n	6300
i	o	649
i	p	965
i	q	14
i	r	646
i	s	4638
i	t	5528
i	u	1596
i	v	1180
i	w	110
i	x	8
i	y	1590
i	z	45
i	,	1647
i	.	2153
i	'	1954
i	;	60
j	a	21
j	b	142
j	c	233
j	d	108
j	e	30
j	f	4
j	g	9
j	h	39
j	i	90
j	j	2
j	k	39
j	l	29
j	m	120
j	n	87
j	o	5
j	p	18
j	q	0
j	r	133
j	s	1478
j	t	15
j	u	51
j	v	7
j	w	24
j	x	0
j	y	128
j	z	6
j	,	4
j	.	2
j	'	1
j	;	0
k	a	92
k	b	38
k	c	31
k	d	744
k	e	891
k	f	1
k	g	19
k	h	17
k	i	105
k	j	0
k	k	8
k	l	368
k	m	18
k	n	1988
k	o	2203
k	p	65
k	q	1
k	r	255
k	s	535
k	t	256
k	u	24
k	v	8
k	w	17
k	x	0
k	y	305
k	z	13
k	,	299
k	.	306
k	'	6
k	;	11
l	a	2457
l	b	325
l	c	1530
l	d	1187
l	e	3259
l	f	1480
l	g	1062
l	h	212
l	i	1583
l	j	4
l	k	1877
l	l	88
l	m	818
l	n	4042
l	o	2194
l	p	304
l	q	32
l	r	1169
l	s	3760
l	t	3126
l	u	633
l	v	2257
l	w	1062
l	x	138
l	y	2017
l	z	315
l	,	2120
l	.	1867
l	'	150
l	;	65
m	a	1083
m	b	125
m	c	838
m	d	1243
m	e	1538
m	f	11
m	g	752
m	h	101
m	i	503
m	j	64
m	k	1165
m	l	1965
m	m	950
m	n	5883
m	o	1105
m	p	32
m	q	1
m	r	3084
m	s	3434
m	t	2615
m	u	530
m	v	362
m	w	97
m	x	66
m	y	760
m	z	75
m	,	975
m	.	1344
m	'	24
m	;	36
n	a	1749
n	b	297
n	c	711
n	d	992
n	e	8415
n	f	268
n	g	693
n	h	477
n	i	3829
n	j	1
n	k	41
n	l	1786
n	m	965
n	n	1487
n	o	2209
n	p	150
n	q	45
n	r	1939
n	s	4615
n	t	9624
n	u	1165
n	v	1265
n	w	4054
n	x	204
n	y	1730
n	z	106
n	,	2787
n	.	3177
n	'	229
n	;	125
o	a	1864
o	b	452
o	c	1242
o	d	4314
o	e	17454
o	f	881
o	g	3550
o	h	2328
o	i	3172
o	j	89
o	k	2367
o	l	7079
o	m	1285
o	n	5620
o	o	1045
o	p	1178
o	q	37
o	r	5748
o	s	6383
o	t	6759
o	u	522
o	v	349
o	w	96
o	x	12
o	y	1460
o	z	20
o	,	2704
o	.	2884
o	'	3165
o	;	65
p	a	2066
p	b	108
p	c	1089
p	d	472
p	e	4205
p	f	38
p	g	112
p	h	29
p	i	2006
p	j	5
p	k	59
p	l	707
p	m	36
p	n	2087
p	o	3214
p	p	239
p	q	1
p	r	3841
p	s	1450
p	t	1149
p	u	227
p	v	26
p	w	417
p	x	6
p	y	688
p	z	33
p	,	175
p	.	184
p	'	4
p	;	9
q	a	253
q	b	0
q	c	0
q	d	0
q	e	435
q	f	0
q	g	0
q	h	0
q	i	529
q	j	0
q	k	0
q	l	0
q	m	0
q	n	1
q	o	42
q	p	0
q	q	0
q	r	0
q	s	0
q	t	0
q	u	0
q	v	0
q	w	0
q	x	1
q	y	0
q	z	0
q	,	0
q	.	0
q	'	0
q	;	0
r	a	5692
r	b	960
r	c	2207
r	d	3094
r	e	6525
r	f	643
r	g	1609
r	h	925
r	i	3248
r	j	77
r	k	186
r	l	1790
r	m	2754
r	n	4178
r	o	2179
r	p	1000
r	q	113
r	r	531
r	s	4421
r	t	3968
r	u	2233
r	v	1164
r	w	964
r	x	34
r	y	1230
r	z	189
r	,	1905
r	.	2241
r	'	573
r	;	61
s	a	4745
s	b	616
s	c	1451
s	d	1823
s	e	6796
s	f	395
s	g	431
s	h	284
s	i	4420
s	j	0
s	k	23
s	l	2339
s	m	3293
s	n	3402
s	o	4037
s	p	533
s	q	50
s	r	3569
s	s	1397
s	t	990
s	u	1345
s	v	386
s	w	187
s	x	125
s	y	1321
s	z	59
s	,	1210
s	.	1349
s	'	533
s	;	44
t	a	9860
t	b	362
t	c	1337
t	d	2083
t	e	34784
t	f	358
t	g	474
t	h	504
t	i	8440
t	j	1
t	k	896
t	l	3534
t	m	2589
t	n	4679
t	o	6934
t	p	795
t	q	23
t	r	8046
t	s	3566
t	t	849
t	u	1273
t	v	641
t	w	276
t	x	83
t	y	1431
t	z	27
t	,	1114
t	.	1256
t	'	69
t	;	57
u	a	1406
u	b	478
u	c	697
u	d	4819
u	e	4804
u	f	444
u	g	630
u	h	3455
u	i	1908
u	j	66
u	k	399
u	l	2035
u	m	142
u	n	1181
u	o	364
u	p	614
u	q	3
u	r	1463
u	s	2084
u	t	4681
u	u	388
u	v	365
u	w	48
u	x	3
u	y	382
u	z	35
u	,	853
u	.	1017
u	'	27
u	;	34
v	a	88
v	b	27
v	c	318
v	d	745
v	e	174
v	f	4
v	g	78
v	h	9
v	i	255
v	j	1
v	k	8
v	l	1083
v	m	74
v	n	2425
v	o	184
v	p	8
v	q	0
v	r	5628
v	s	1152
v	t	347
v	u	74
v	v	101
v	w	20
v	x	10
v	y	37
v	z	1
v	,	285
v	.	379
v	'	9
v	;	10
w	a	2696
w	b	41
w	c	73
w	d	239
w	e	3422
w	f	80
w	g	31
w	h	26
w	i	1863
w	j	1
w	k	177
w	l	2793
w	m	192
w	n	2601
w	o	1946
w	p	46
w	q	0
w	r	4794
w	s	3263
w	t	3450
w	u	1119
w	v	174
w	w	19
w	x	5
w	y	2407
w	z	22
w	,	246
w	.	329
w	'	572
w	;	10
x	a	43
x	b	15
x	c	150
x	d	52
x	e	551
x	f	0
x	g	21
x	h	27
x	i	78
x	j	0
x	k	0
x	l	163
x	m	99
x	n	34
x	o	51
x	p	2
x	q	0
x	r	174
x	s	259
x	t	30
x	u	28
x	v	3
x	w	1
x	x	0
x	y	18
x	z	0
x	,	24
x	.	24
x	'	0
x	;	0
y	a	746
y	b	38
y	c	14
y	d	170
y	e	761
y	f	6
y	g	32
y	h	851
y	i	220
y	j	0
y	k	14
y	l	195
y	m	14
y	n	1177
y	o	358
y	p	32
y	q	0
y	r	516
y	s	601
y	t	451
y	u	14040
y	v	45
y	w	8
y	x	0
y	y	5
y	z	1
y	,	132
y	.	185
y	'	10
y	;	5
z	a	53
z	b	6
z	c	4
z	d	175
z	e	46
z	f	3
z	g	7
z	h	0
z	i	10
z	j	0
z	k	7
z	l	48
z	m	8
z	n	234
z	o	24
z	p	10
z	q	0
z	r	100
z	s	42
z	t	66
z	u	4
z	v	0
z	w	4
z	x	0
z	y	19
z	z	3
z	,	53
z	.	41
z	'	2
z	;	4
,	a	0
,	b	0
,	c	0
,	d	0
,	e	0
,	f	0
,	g	0
,	h	0
,	i	0
,	j	0
,	k	0
,	l	0
,	m	0
,	n	0
,	o	0
,	p	0
,	q	0
,	r	0
,	s	0
,	t	0
,	u	0
,	v	0
,	w	0
,	x	0
,	y	0
,	z	0
,	,	0
,	.	0
,	'	0
,	;	0
.	a	5
.	b	0
.	c	2
.	d	0
.	e	10
.	f	0
.	g	0
.	h	1
.	i	1
.	j	0
.	k	1
.	l	0
.	m	0
.	n	2
.	o	5
.	p	1
.	q	0
.	r	6
.	s	0
.	t	2
.	u	1
.	v	0
.	w	2
.	x	3
.	y	1
.	z	0
.	,	0
.	.	834
.	'	1
.	;	0
'	a	181
'	b	0
'	c	0
'	d	0
'	e	2453
'	f	2
'	g	1
'	h	19
'	i	30
'	j	0
'	k	1
'	l	914
'	m	65
'	n	12
'	o	42
'	p	1
'	q	0
'	r	27
'	s	0
'	t	7
'	u	15
'	v	2
'	w	2
'	x	0
'	y	5
'	z	0
'	,	35
'	.	80
'	'	7
'	;	2
;	a	0
;	b	0
;	c	0
;	d	0
;	e	0
;	f	0
;	g	0
;	h	0
;	i	0
;	j	0
;	k	0
;	l	0
;	m	0
;	n	0
;	o	0
;	p	0
;	q	0
;	r	0
;	s	0
;	t	0
;	u	0
;	v	0
;	w	0
;	x	0
;	y	0
;	z	0
;	,	0
;	.	0
;	'	0
;	;	0
