# fern spacegram (key, space, key; outer pair) counts
# keys: abcdefghijklmnopqrstuvwxyz,.';, case-folded
# source: mr.txt
# lines: 18053
# total: 405924
a	a	108
a	b	837
a	c	912
a	d	635
a	e	19
a	f	704
a	g	613
a	h	543
a	i	82
a	j	74
a	k	141
a	l	911
a	m	984
a	n	333
a	o	98
a	p	894
a	q	51
a	r	456
a	s	1363
a	t	687
a	u	45
a	v	236
a	w	615
a	x	1
a	y	63
a	z	4
a	,	0
a	.	0
a	'	4
a	;	0
b	a	39
b	b	8
b	c	7
b	d	9
b	e	4
b	f	15
b	g	2
b	h	6
b	i	34
b	j	0
b	k	0
b	l	2
b	m	9
b	n	2
b	o	16
b	p	2
b	q	1
b	r	4
b	s	12
b	t	33
b	u	1
b	v	2
b	w	20
b	x	0
b	y	14
b	z	0
b	,	0
b	.	0
b	'	0
b	;	0
c	a	80
c	b	27
c	c	58
c	d	29
c	e	30
c	f	27
c	g	10
c	h	12
c	i	50
c	j	3
c	k	2
c	l	23
c	m	35
c	n	8
c	o	39
c	p	43
c	q	2
c	r	24
c	s	57
c	t	69
c	u	16
c	v	8
c	w	29
c	x	0
c	y	4
c	z	1
c	,	0
c	.	0
c	'	0
c	;	0
d	a	2962
d	b	1882
d	c	865
d	d	892
d	e	695
d	f	1163
d	g	466
d	h	1449
d	i	3277
d	j	163
d	k	184
d	l	859
d	m	1512
d	n	884
d	o	1901
d	p	737
d	q	52
d	r	586
d	s	1910
d	t	5852
d	u	482
d	v	140
d	w	1841
d	x	4
d	y	1197
d	z	12
d	,	0
d	.	2
d	'	11
d	;	0
e	a	6991
e	b	3084
e	c	3384
e	d	2770
e	e	1884
e	f	3122
e	g	1911
e	h	2821
e	i	5107
e	j	335
e	k	532
e	l	2292
e	m	3633
e	n	1727
e	o	4377
e	p	2697
e	q	168
e	r	1846
e	s	5555
e	t	9123
e	u	1074
e	v	482
e	w	5881
e	x	6
e	y	1913
e	z	18
e	,	0
e	.	0
e	'	47
e	;	0
f	a	1228
f	b	304
f	c	460
f	d	293
f	e	269
f	f	280
f	g	204
f	h	589
f	i	925
f	j	42
f	k	41
f	l	339
f	m	667
f	n	181
f	o	451
f	p	398
f	q	21
f	r	198
f	s	640
f	t	3210
f	u	184
f	v	90
f	w	479
f	x	2
f	y	1050
f	z	5
f	,	0
f	.	0
f	'	10
f	;	0
g	a	1572
g	b	404
g	c	328
g	d	259
g	e	279
g	f	551
g	g	125
g	h	447
g	i	1119
g	j	32
g	k	26
g	l	268
g	m	487
g	n	133
g	o	877
g	p	247
g	q	29
g	r	157
g	s	548
g	t	2658
g	u	243
g	v	44
g	w	647
g	x	0
g	y	363
g	z	4
g	,	0
g	.	0
g	'	16
g	;	0
h	a	1021
h	b	184
h	c	217
h	d	152
h	e	161
h	f	209
h	g	80
h	h	330
h	i	695
h	j	32
h	k	30
h	l	187
h	m	430
h	n	127
h	o	569
h	p	175
h	q	5
h	r	114
h	s	342
h	t	1519
h	u	69
h	v	39
h	w	367
h	x	1
h	y	344
h	z	4
h	,	0
h	.	0
h	'	7
h	;	0
i	a	650
i	b	186
i	c	927
i	d	958
i	e	77
i	f	324
i	g	388
i	h	904
i	i	36
i	j	130
i	k	479
i	l	391
i	m	350
i	n	199
i	o	72
i	p	120
i	q	4
i	r	226
i	s	726
i	t	569
i	u	73
i	v	8
i	w	1504
i	x	0
i	y	5
i	z	0
i	,	0
i	.	1
i	'	0
i	;	0
j	a	0
j	b	0
j	c	0
j	d	0
j	e	0
j	f	0
j	g	0
j	h	0
j	i	0
j	j	0
j	k	0
j	l	0
j	m	1
j	n	0
j	o	0
j	p	0
j	q	0
j	r	0
j	s	0
j	t	0
j	u	0
j	v	0
j	w	0
j	x	0
j	y	0
j	z	0
j	,	0
j	.	0
j	'	0
j	;	0
k	a	703
k	b	97
k	c	72
k	d	69
k	e	33
k	f	130
k	g	21
k	h	141
k	i	463
k	j	14
k	k	9
k	l	88
k	m	106
k	n	24
k	o	448
k	p	73
k	q	5
k	r	46
k	s	151
k	t	700
k	u	86
k	v	10
k	w	199
k	x	0
k	y	199
k	z	1
k	,	0
k	.	0
k	'	9
k	;	0
l	a	885
l	b	787
l	c	460
l	d	384
l	e	229
l	f	383
l	g	237
l	h	452
l	i	678
l	j	57
l	k	119
l	l	380
l	m	506
l	n	361
l	o	692
l	p	342
l	q	13
l	r	334
l	s	702
l	t	1695
l	u	103
l	v	38
l	w	512
l	x	0
l	y	456
l	z	2
l	,	0
l	.	0
l	'	5
l	;	0
m	a	769
m	b	196
m	c	125
m	d	145
m	e	78
m	f	208
m	g	231
m	h	208
m	i	416
m	j	55
m	k	26
m	l	114
m	m	162
m	n	311
m	o	424
m	p	118
m	q	9
m	r	101
m	s	381
m	t	1087
m	u	74
m	v	19
m	w	333
m	x	1
m	y	85
m	z	0
m	,	0
m	.	0
m	'	3
m	;	0
n	a	3235
n	b	903
n	c	672
n	d	591
n	e	746
n	f	802
n	g	352
n	h	1037
n	i	2127
n	j	92
n	k	126
n	l	561
n	m	1133
n	n	285
n	o	1572
n	p	541
n	q	20
n	r	367
n	s	1201
n	t	6039
n	u	312
n	v	85
n	w	1325
n	x	2
n	y	1223
n	z	8
n	,	0
n	.	0
n	'	17
n	;	0
o	a	1148
o	b	1572
o	c	827
o	d	1032
o	e	430
o	f	725
o	g	718
o	h	933
o	i	930
o	j	81
o	k	430
o	l	833
o	m	1491
o	n	354
o	o	612
o	p	670
o	q	42
o	r	579
o	s	1647
o	t	2522
o	u	185
o	v	60
o	w	949
o	x	0
o	y	699
o	z	4
o	,	0
o	.	0
o	'	4
o	;	0
p	a	340
p	b	84
p	c	41
p	d	26
p	e	37
p	f	89
p	g	19
p	h	80
p	i	259
p	j	11
p	k	7
p	l	36
p	m	104
p	n	15
p	o	260
p	p	34
p	q	4
p	r	44
p	s	84
p	t	410
p	u	46
p	v	2
p	w	144
p	x	0
p	y	111
p	z	0
p	,	0
p	.	0
p	'	3
p	;	0
q	a	0
q	b	0
q	c	0
q	d	0
q	e	3
q	f	0
q	g	2
q	h	0
q	i	0
q	j	0
q	k	0
q	l	0
q	m	0
q	n	0
q	o	2
q	p	0
q	q	0
q	r	0
q	s	0
q	t	2
q	u	0
q	v	0
q	w	0
q	x	0
q	y	0
q	z	0
q	,	0
q	.	0
q	'	0
q	;	0
r	a	1975
r	b	876
r	c	781
r	d	649
r	e	618
r	f	866
r	g	378
r	h	1088
r	i	1128
r	j	102
r	k	202
r	l	745
r	m	1029
r	n	390
r	o	1226
r	p	748
r	q	39
r	r	377
r	s	1343
r	t	2934
r	u	152
r	v	121
r	w	1233
r	x	1
r	y	577
r	z	4
r	,	0
r	.	0
r	'	20
r	;	0
s	a	6064
s	b	1496
s	c	1311
s	d	906
s	e	706
s	f	1420
s	g	823
s	h	1346
s	i	3006
s	j	288
s	k	161
s	l	1193
s	m	1394
s	n	1569
s	o	3337
s	p	911
s	q	74
s	r	661
s	s	2051
s	t	5499
s	u	437
s	v	199
s	w	2516
s	x	6
s	y	824
s	z	10
s	,	0
s	.	1
s	'	14
s	;	0
t	a	3807
t	b	1574
t	c	1291
t	d	1194
t	e	851
t	f	1385
t	g	790
t	h	1877
t	i	4779
t	j	193
t	k	542
t	l	1108
t	m	2012
t	n	844
t	o	3053
t	p	901
t	q	54
t	r	717
t	s	2255
t	t	6523
t	u	539
t	v	130
t	w	3298
t	x	1
t	y	1815
t	z	15
t	,	0
t	.	0
t	'	29
t	;	0
u	a	837
u	b	203
u	c	955
u	d	577
u	e	127
u	f	295
u	g	304
u	h	566
u	i	169
u	j	79
u	k	576
u	l	348
u	m	387
u	n	221
u	o	127
u	p	166
u	q	6
u	r	195
u	s	683
u	t	651
u	u	77
u	v	6
u	w	921
u	x	0
u	y	11
u	z	0
u	,	0
u	.	0
u	'	6
u	;	0
v	a	10
v	b	1
v	c	1
v	d	1
v	e	0
v	f	3
v	g	0
v	h	0
v	i	6
v	j	0
v	k	0
v	l	1
v	m	2
v	n	0
v	o	2
v	p	1
v	q	0
v	r	0
v	s	4
v	t	3
v	u	0
v	v	0
v	w	1
v	x	0
v	y	1
v	z	0
v	,	0
v	.	0
v	'	0
v	;	0
w	a	284
w	b	89
w	c	155
w	d	131
w	e	75
w	f	85
w	g	33
w	h	262
w	i	527
w	j	28
w	k	16
w	l	76
w	m	291
w	n	53
w	o	193
w	p	83
w	q	9
w	r	44
w	s	188
w	t	928
w	u	67
w	v	15
w	w	583
w	x	0
w	y	315
w	z	0
w	,	0
w	.	0
w	'	0
w	;	0
x	a	26
x	b	6
x	c	7
x	d	6
x	e	5
x	f	9
x	g	1
x	h	5
x	i	24
x	j	2
x	k	1
x	l	6
x	m	14
x	n	2
x	o	22
x	p	13
x	q	0
x	r	8
x	s	12
x	t	23
x	u	3
x	v	1
x	w	10
x	x	0
x	y	20
x	z	0
x	,	0
x	.	0
x	'	0
x	;	0
y	a	1968
y	b	958
y	c	939
y	d	991
y	e	511
y	f	1035
y	g	464
y	h	1003
y	i	1361
y	j	107
y	k	177
y	l	845
y	m	952
y	n	504
y	o	1374
y	p	666
y	q	33
y	r	432
y	s	1372
y	t	2730
y	u	202
y	v	105
y	w	1437
y	x	1
y	y	383
y	z	5
y	,	0
y	.	0
y	'	16
y	;	0
z	a	5
z	b	1
z	c	1
z	d	0
z	e	0
z	f	2
z	g	1
z	h	2
z	i	6
z	j	0
z	k	0
z	l	0
z	m	0
z	n	0
z	o	1
z	p	3
z	q	0
z	r	1
z	s	0
z	t	3
z	u	0
z	v	0
z	w	2
z	x	0
z	y	2
z	z	0
z	,	0
z	.	0
z	'	0
z	;	0
,	a	4487
,	b	1866
,	c	548
,	d	539
,	e	557
,	f	607
,	g	296
,	h	939
,	i	3149
,	j	188
,	k	83
,	l	621
,	m	802
,	n	665
,	o	955
,	p	464
,	q	17
,	r	351
,	s	1349
,	t	3394
,	u	223
,	v	80
,	w	1897
,	x	1
,	y	1253
,	z	8
,	,	0
,	.	0
,	'	89
,	;	0
.	a	2136
.	b	1352
.	c	258
.	d	370
.	e	353
.	f	407
.	g	216
.	h	904
.	i	4235
.	j	129
.	k	63
.	l	343
.	m	514
.	n	623
.	o	524
.	p	289
.	q	21
.	r	179
.	s	1101
.	t	3123
.	u	116
.	v	39
.	w	1492
.	x	2
.	y	1234
.	z	7
.	,	0
.	.	1
.	'	72
.	;	0
'	a	37
'	b	15
'	c	17
'	d	11
'	e	5
'	f	20
'	g	10
'	h	18
'	i	35
'	j	2
'	k	1
'	l	12
'	m	15
'	n	3
'	o	19
'	p	9
'	q	2
'	r	9
'	s	24
'	t	59
'	u	5
'	v	1
'	w	25
'	x	0
'	y	4
'	z	0
'	,	0
'	.	0
'	'	7
'	;	0
;	a	181
;	b	72
;	c	8
;	d	10
;	e	15
;	f	25
;	g	9
;	h	48
;	i	149
;	j	4
;	k	1
;	l	6
;	m	12
;	n	31
;	o	30
;	p	12
;	q	1
;	r	11
;	s	46
;	t	174
;	u	2
;	v	2
;	w	76
;	x	0
;	y	32
;	z	0
;	,	0
;	.	0
;	'	2
;	;	0
